[
	{
		"id": "1",
		"type": "资产",
		"code": "1001",
		"name": "库存现金",
		"mnemonic_code": "kcxj",
		"balance_direction": "借",
		"status": "1",
		"parent_id": "0",
		"level": "1",
		"system_default": "1",
		"account_sets_id": "",
		"balance": "",
		"unit": "",
		"auxiliary_accounting": ""
	},
	{
		"id": "2",
		"type": "资产",
		"code": "1002",
		"name": "银行存款",
		"mnemonic_code": "yhck",
		"balance_direction": "借",
		"status": "1",
		"parent_id": "0",
		"level": "1",
		"system_default": "1",
		"account_sets_id": "",
		"balance": "",
		"unit": "",
		"auxiliary_accounting": ""
	},
	{
		"id": "3",
		"type": "资产",
		"code": "1012",
		"name": "其他货币资金",
		"mnemonic_code": "qthbzj",
		"balance_direction": "借",
		"status": "1",
		"parent_id": "0",
		"level": "1",
		"system_default": "1",
		"account_sets_id": "",
		"balance": "",
		"unit": "",
		"auxiliary_accounting": ""
	},
	{
		"id": "4",
		"type": "资产",
		"code": "1101",
		"name": "短期投资",
		"mnemonic_code": "dqtz",
		"balance_direction": "借",
		"status": "1",
		"parent_id": "0",
		"level": "1",
		"system_default": "1",
		"account_sets_id": "",
		"balance": "",
		"unit": "",
		"auxiliary_accounting": "",
		"children": [
			{
				"id": "5",
				"type": "资产",
				"code": "110101",
				"name": "股票",
				"mnemonic_code": "dqtz_gp",
				"balance_direction": "借",
				"status": "1",
				"parent_id": "4",
				"level": "2",
				"system_default": "1",
				"account_sets_id": "",
				"balance": "",
				"unit": "",
				"auxiliary_accounting": ""
			},
			{
				"id": "6",
				"type": "资产",
				"code": "110102",
				"name": "债券",
				"mnemonic_code": "dqtz_zq",
				"balance_direction": "借",
				"status": "1",
				"parent_id": "4",
				"level": "2",
				"system_default": "1",
				"account_sets_id": "",
				"balance": "",
				"unit": "",
				"auxiliary_accounting": ""
			},
			{
				"id": "7",
				"type": "资产",
				"code": "110103",
				"name": "基金",
				"mnemonic_code": "dqtz_jj",
				"balance_direction": "借",
				"status": "1",
				"parent_id": "4",
				"level": "2",
				"system_default": "1",
				"account_sets_id": "",
				"balance": "",
				"unit": "",
				"auxiliary_accounting": ""
			}
		]
	},
	{
		"id": "8",
		"type": "资产",
		"code": "1121",
		"name": "应收票据",
		"mnemonic_code": "yspj",
		"balance_direction": "借",
		"status": "1",
		"parent_id": "0",
		"level": "1",
		"system_default": "1",
		"account_sets_id": "",
		"balance": "",
		"unit": "",
		"auxiliary_accounting": ""
	},
	{
		"id": "9",
		"type": "资产",
		"code": "1122",
		"name": "应收账款",
		"mnemonic_code": "yszk",
		"balance_direction": "借",
		"status": "1",
		"parent_id": "0",
		"level": "1",
		"system_default": "1",
		"account_sets_id": "",
		"balance": "",
		"unit": "",
		"auxiliary_accounting": ""
	},
	{
		"id": "10",
		"type": "资产",
		"code": "1123",
		"name": "预付账款",
		"mnemonic_code": "yfzk",
		"balance_direction": "借",
		"status": "1",
		"parent_id": "0",
		"level": "1",
		"system_default": "1",
		"account_sets_id": "",
		"balance": "",
		"unit": "",
		"auxiliary_accounting": ""
	},
	{
		"id": "11",
		"type": "资产",
		"code": "1131",
		"name": "应收股利",
		"mnemonic_code": "ysgl",
		"balance_direction": "借",
		"status": "1",
		"parent_id": "0",
		"level": "1",
		"system_default": "1",
		"account_sets_id": "",
		"balance": "",
		"unit": "",
		"auxiliary_accounting": ""
	},
	{
		"id": "12",
		"type": "资产",
		"code": "1132",
		"name": "应收利息",
		"mnemonic_code": "yslx",
		"balance_direction": "借",
		"status": "1",
		"parent_id": "0",
		"level": "1",
		"system_default": "1",
		"account_sets_id": "",
		"balance": "",
		"unit": "",
		"auxiliary_accounting": ""
	},
	{
		"id": "13",
		"type": "资产",
		"code": "1221",
		"name": "其他应收款",
		"mnemonic_code": "qtysk",
		"balance_direction": "借",
		"status": "1",
		"parent_id": "0",
		"level": "1",
		"system_default": "1",
		"account_sets_id": "",
		"balance": "",
		"unit": "",
		"auxiliary_accounting": ""
	},
	{
		"id": "14",
		"type": "资产",
		"code": "1401",
		"name": "材料采购",
		"mnemonic_code": "clcg",
		"balance_direction": "借",
		"status": "1",
		"parent_id": "0",
		"level": "1",
		"system_default": "1",
		"account_sets_id": "",
		"balance": "",
		"unit": "",
		"auxiliary_accounting": ""
	},
	{
		"id": "15",
		"type": "资产",
		"code": "1402",
		"name": "在途物资",
		"mnemonic_code": "ztwz",
		"balance_direction": "借",
		"status": "1",
		"parent_id": "0",
		"level": "1",
		"system_default": "1",
		"account_sets_id": "",
		"balance": "",
		"unit": "",
		"auxiliary_accounting": ""
	},
	{
		"id": "16",
		"type": "资产",
		"code": "1403",
		"name": "原材料",
		"mnemonic_code": "ycl",
		"balance_direction": "借",
		"status": "1",
		"parent_id": "0",
		"level": "1",
		"system_default": "1",
		"account_sets_id": "",
		"balance": "",
		"unit": "",
		"auxiliary_accounting": ""
	},
	{
		"id": "17",
		"type": "资产",
		"code": "1404",
		"name": "材料成本差异",
		"mnemonic_code": "clcbcy",
		"balance_direction": "借",
		"status": "1",
		"parent_id": "0",
		"level": "1",
		"system_default": "1",
		"account_sets_id": "",
		"balance": "",
		"unit": "",
		"auxiliary_accounting": ""
	},
	{
		"id": "18",
		"type": "资产",
		"code": "1405",
		"name": "库存商品",
		"mnemonic_code": "kcsp",
		"balance_direction": "借",
		"status": "1",
		"parent_id": "0",
		"level": "1",
		"system_default": "1",
		"account_sets_id": "",
		"balance": "",
		"unit": "",
		"auxiliary_accounting": ""
	},
	{
		"id": "19",
		"type": "资产",
		"code": "1407",
		"name": "商品进销差价",
		"mnemonic_code": "spjxcj",
		"balance_direction": "借",
		"status": "1",
		"parent_id": "0",
		"level": "1",
		"system_default": "1",
		"account_sets_id": "",
		"balance": "",
		"unit": "",
		"auxiliary_accounting": ""
	},
	{
		"id": "20",
		"type": "资产",
		"code": "1408",
		"name": "委托加工物资",
		"mnemonic_code": "wtjgwz",
		"balance_direction": "借",
		"status": "1",
		"parent_id": "0",
		"level": "1",
		"system_default": "1",
		"account_sets_id": "",
		"balance": "",
		"unit": "",
		"auxiliary_accounting": ""
	},
	{
		"id": "21",
		"type": "资产",
		"code": "1411",
		"name": "周转材料",
		"mnemonic_code": "zzcl",
		"balance_direction": "借",
		"status": "1",
		"parent_id": "0",
		"level": "1",
		"system_default": "1",
		"account_sets_id": "",
		"balance": "",
		"unit": "",
		"auxiliary_accounting": ""
	},
	{
		"id": "22",
		"type": "资产",
		"code": "1421",
		"name": "消耗性生物资产",
		"mnemonic_code": "xhxswzc",
		"balance_direction": "借",
		"status": "1",
		"parent_id": "0",
		"level": "1",
		"system_default": "1",
		"account_sets_id": "",
		"balance": "",
		"unit": "",
		"auxiliary_accounting": ""
	},
	{
		"id": "23",
		"type": "资产",
		"code": "1501",
		"name": "长期债券投资",
		"mnemonic_code": "cqzqtz",
		"balance_direction": "借",
		"status": "1",
		"parent_id": "0",
		"level": "1",
		"system_default": "1",
		"account_sets_id": "",
		"balance": "",
		"unit": "",
		"auxiliary_accounting": ""
	},
	{
		"id": "24",
		"type": "资产",
		"code": "1511",
		"name": "长期股权投资",
		"mnemonic_code": "cqgqtz",
		"balance_direction": "借",
		"status": "1",
		"parent_id": "0",
		"level": "1",
		"system_default": "1",
		"account_sets_id": "",
		"balance": "",
		"unit": "",
		"auxiliary_accounting": ""
	},
	{
		"id": "25",
		"type": "资产",
		"code": "1601",
		"name": "固定资产",
		"mnemonic_code": "gdzc",
		"balance_direction": "借",
		"status": "1",
		"parent_id": "0",
		"level": "1",
		"system_default": "1",
		"account_sets_id": "",
		"balance": "",
		"unit": "",
		"auxiliary_accounting": ""
	},
	{
		"id": "26",
		"type": "资产",
		"code": "1602",
		"name": "累计折旧",
		"mnemonic_code": "ljzj",
		"balance_direction": "贷",
		"status": "1",
		"parent_id": "0",
		"level": "1",
		"system_default": "1",
		"account_sets_id": "",
		"balance": "",
		"unit": "",
		"auxiliary_accounting": ""
	},
	{
		"id": "27",
		"type": "资产",
		"code": "1604",
		"name": "在建工程",
		"mnemonic_code": "zjgc",
		"balance_direction": "借",
		"status": "1",
		"parent_id": "0",
		"level": "1",
		"system_default": "1",
		"account_sets_id": "",
		"balance": "",
		"unit": "",
		"auxiliary_accounting": ""
	},
	{
		"id": "28",
		"type": "资产",
		"code": "1605",
		"name": "工程物资",
		"mnemonic_code": "gcwz",
		"balance_direction": "借",
		"status": "1",
		"parent_id": "0",
		"level": "1",
		"system_default": "1",
		"account_sets_id": "",
		"balance": "",
		"unit": "",
		"auxiliary_accounting": ""
	},
	{
		"id": "29",
		"type": "资产",
		"code": "1606",
		"name": "固定资产清理",
		"mnemonic_code": "gdzcql",
		"balance_direction": "借",
		"status": "1",
		"parent_id": "0",
		"level": "1",
		"system_default": "1",
		"account_sets_id": "",
		"balance": "",
		"unit": "",
		"auxiliary_accounting": ""
	},
	{
		"id": "30",
		"type": "资产",
		"code": "1621",
		"name": "生产性生物资产",
		"mnemonic_code": "scxswzc",
		"balance_direction": "借",
		"status": "1",
		"parent_id": "0",
		"level": "1",
		"system_default": "1",
		"account_sets_id": "",
		"balance": "",
		"unit": "",
		"auxiliary_accounting": ""
	},
	{
		"id": "31",
		"type": "资产",
		"code": "1622",
		"name": "生产性生物资产累计折旧",
		"mnemonic_code": "scxswzcljzj",
		"balance_direction": "借",
		"status": "1",
		"parent_id": "0",
		"level": "1",
		"system_default": "1",
		"account_sets_id": "",
		"balance": "",
		"unit": "",
		"auxiliary_accounting": ""
	},
	{
		"id": "32",
		"type": "资产",
		"code": "1701",
		"name": "无形资产",
		"mnemonic_code": "wxzc",
		"balance_direction": "借",
		"status": "1",
		"parent_id": "0",
		"level": "1",
		"system_default": "1",
		"account_sets_id": "",
		"balance": "",
		"unit": "",
		"auxiliary_accounting": ""
	},
	{
		"id": "33",
		"type": "资产",
		"code": "1702",
		"name": "累计摊销",
		"mnemonic_code": "ljtx",
		"balance_direction": "借",
		"status": "1",
		"parent_id": "0",
		"level": "1",
		"system_default": "1",
		"account_sets_id": "",
		"balance": "",
		"unit": "",
		"auxiliary_accounting": ""
	},
	{
		"id": "34",
		"type": "资产",
		"code": "1801",
		"name": "长期待摊费用",
		"mnemonic_code": "cqdtfy",
		"balance_direction": "借",
		"status": "1",
		"parent_id": "0",
		"level": "1",
		"system_default": "1",
		"account_sets_id": "",
		"balance": "",
		"unit": "",
		"auxiliary_accounting": ""
	},
	{
		"id": "35",
		"type": "资产",
		"code": "1901",
		"name": "待处理财产损溢",
		"mnemonic_code": "dclccsy",
		"balance_direction": "借",
		"status": "1",
		"parent_id": "0",
		"level": "1",
		"system_default": "1",
		"account_sets_id": "",
		"balance": "",
		"unit": "",
		"auxiliary_accounting": ""
	},
	{
		"id": "36",
		"type": "负债",
		"code": "2001",
		"name": "短期借款",
		"mnemonic_code": "dqjk",
		"balance_direction": "贷",
		"status": "1",
		"parent_id": "0",
		"level": "1",
		"system_default": "1",
		"account_sets_id": "",
		"balance": "",
		"unit": "",
		"auxiliary_accounting": ""
	},
	{
		"id": "37",
		"type": "负债",
		"code": "2201",
		"name": "应付票据",
		"mnemonic_code": "yfpj",
		"balance_direction": "贷",
		"status": "1",
		"parent_id": "0",
		"level": "1",
		"system_default": "1",
		"account_sets_id": "",
		"balance": "",
		"unit": "",
		"auxiliary_accounting": ""
	},
	{
		"id": "38",
		"type": "负债",
		"code": "2202",
		"name": "应付账款",
		"mnemonic_code": "yfzk",
		"balance_direction": "贷",
		"status": "1",
		"parent_id": "0",
		"level": "1",
		"system_default": "1",
		"account_sets_id": "",
		"balance": "",
		"unit": "",
		"auxiliary_accounting": ""
	},
	{
		"id": "39",
		"type": "负债",
		"code": "2203",
		"name": "预收账款",
		"mnemonic_code": "yszk",
		"balance_direction": "贷",
		"status": "1",
		"parent_id": "0",
		"level": "1",
		"system_default": "1",
		"account_sets_id": "",
		"balance": "",
		"unit": "",
		"auxiliary_accounting": ""
	},
	{
		"id": "40",
		"type": "负债",
		"code": "2211",
		"name": "应付职工薪酬",
		"mnemonic_code": "yfzgxc",
		"balance_direction": "贷",
		"status": "1",
		"parent_id": "0",
		"level": "1",
		"system_default": "1",
		"account_sets_id": "",
		"balance": "",
		"unit": "",
		"auxiliary_accounting": ""
	},
	{
		"id": "41",
		"type": "负债",
		"code": "2221",
		"name": "应交税费",
		"mnemonic_code": "yjsf",
		"balance_direction": "贷",
		"status": "1",
		"parent_id": "0",
		"level": "1",
		"system_default": "1",
		"account_sets_id": "",
		"balance": "",
		"unit": "",
		"auxiliary_accounting": "",
		"children": [
			{
				"id": "42",
				"type": "负债",
				"code": "222101",
				"name": "应交增值税",
				"mnemonic_code": "yjsf_yjzzs",
				"balance_direction": "贷",
				"status": "1",
				"parent_id": "41",
				"level": "2",
				"system_default": "1",
				"account_sets_id": "",
				"balance": "",
				"unit": "",
				"auxiliary_accounting": "",
				"children": [
					{
						"id": "43",
						"type": "负债",
						"code": "22210101",
						"name": "进项税额",
						"mnemonic_code": "yjsf_yjzzs_jxse",
						"balance_direction": "贷",
						"status": "1",
						"parent_id": "42",
						"level": "3",
						"system_default": "1",
						"account_sets_id": "",
						"balance": "",
						"unit": "",
						"auxiliary_accounting": ""
					},
					{
						"id": "44",
						"type": "负债",
						"code": "22210102",
						"name": "已交税金",
						"mnemonic_code": "yjsf_yjzzs_yjsj",
						"balance_direction": "贷",
						"status": "1",
						"parent_id": "42",
						"level": "3",
						"system_default": "1",
						"account_sets_id": "",
						"balance": "",
						"unit": "",
						"auxiliary_accounting": ""
					},
					{
						"id": "45",
						"type": "负债",
						"code": "22210103",
						"name": "转出未交增值税",
						"mnemonic_code": "yjsf_yjzzs_zcwjzzs",
						"balance_direction": "贷",
						"status": "1",
						"parent_id": "42",
						"level": "3",
						"system_default": "1",
						"account_sets_id": "",
						"balance": "",
						"unit": "",
						"auxiliary_accounting": ""
					},
					{
						"id": "46",
						"type": "负债",
						"code": "22210104",
						"name": "减免税款",
						"mnemonic_code": "yjsf_yjzzs_jmsk",
						"balance_direction": "贷",
						"status": "1",
						"parent_id": "42",
						"level": "3",
						"system_default": "1",
						"account_sets_id": "",
						"balance": "",
						"unit": "",
						"auxiliary_accounting": ""
					},
					{
						"id": "47",
						"type": "负债",
						"code": "22210105",
						"name": "销项税额",
						"mnemonic_code": "yjsf_yjzzs_xxse",
						"balance_direction": "贷",
						"status": "1",
						"parent_id": "42",
						"level": "3",
						"system_default": "1",
						"account_sets_id": "",
						"balance": "",
						"unit": "",
						"auxiliary_accounting": ""
					},
					{
						"id": "48",
						"type": "负债",
						"code": "22210106",
						"name": "出口退税",
						"mnemonic_code": "yjsf_yjzzs_ckts",
						"balance_direction": "贷",
						"status": "1",
						"parent_id": "42",
						"level": "3",
						"system_default": "1",
						"account_sets_id": "",
						"balance": "",
						"unit": "",
						"auxiliary_accounting": ""
					},
					{
						"id": "49",
						"type": "负债",
						"code": "22210107",
						"name": "进项税额转出",
						"mnemonic_code": "yjsf_yjzzs_jxsezc",
						"balance_direction": "贷",
						"status": "1",
						"parent_id": "42",
						"level": "3",
						"system_default": "1",
						"account_sets_id": "",
						"balance": "",
						"unit": "",
						"auxiliary_accounting": ""
					},
					{
						"id": "50",
						"type": "负债",
						"code": "22210108",
						"name": "出口抵减内销产品应纳税额",
						"mnemonic_code": "yjsf_yjzzs_ckdjnxcpynse",
						"balance_direction": "贷",
						"status": "1",
						"parent_id": "42",
						"level": "3",
						"system_default": "1",
						"account_sets_id": "",
						"balance": "",
						"unit": "",
						"auxiliary_accounting": ""
					},
					{
						"id": "51",
						"type": "负债",
						"code": "22210109",
						"name": "转出多交增值税",
						"mnemonic_code": "yjsf_yjzzs_zcdjzzs",
						"balance_direction": "贷",
						"status": "1",
						"parent_id": "42",
						"level": "3",
						"system_default": "1",
						"account_sets_id": "",
						"balance": "",
						"unit": "",
						"auxiliary_accounting": ""
					},
					{
						"id": "52",
						"type": "负债",
						"code": "22210110",
						"name": "销项税额抵减",
						"mnemonic_code": "yjsf_yjzzs_xxsedj",
						"balance_direction": "贷",
						"status": "1",
						"parent_id": "42",
						"level": "3",
						"system_default": "1",
						"account_sets_id": "",
						"balance": "",
						"unit": "",
						"auxiliary_accounting": ""
					}
				]
			},
			{
				"id": "53",
				"type": "负债",
				"code": "222102",
				"name": "未交增值税",
				"mnemonic_code": "yjsf_wjzzs",
				"balance_direction": "贷",
				"status": "1",
				"parent_id": "41",
				"level": "2",
				"system_default": "1",
				"account_sets_id": "",
				"balance": "",
				"unit": "",
				"auxiliary_accounting": ""
			},
			{
				"id": "54",
				"type": "负债",
				"code": "222103",
				"name": "应交消费税",
				"mnemonic_code": "yjsf_yjxfs",
				"balance_direction": "贷",
				"status": "1",
				"parent_id": "41",
				"level": "2",
				"system_default": "1",
				"account_sets_id": "",
				"balance": "",
				"unit": "",
				"auxiliary_accounting": ""
			},
			{
				"id": "55",
				"type": "负债",
				"code": "222104",
				"name": "应交营业税",
				"mnemonic_code": "yjsf_yjyys",
				"balance_direction": "贷",
				"status": "1",
				"parent_id": "41",
				"level": "2",
				"system_default": "1",
				"account_sets_id": "",
				"balance": "",
				"unit": "",
				"auxiliary_accounting": ""
			},
			{
				"id": "56",
				"type": "负债",
				"code": "222105",
				"name": "应交资源税",
				"mnemonic_code": "yjsf_yjzys",
				"balance_direction": "贷",
				"status": "1",
				"parent_id": "41",
				"level": "2",
				"system_default": "1",
				"account_sets_id": "",
				"balance": "",
				"unit": "",
				"auxiliary_accounting": ""
			},
			{
				"id": "57",
				"type": "负债",
				"code": "222106",
				"name": "应交所得税",
				"mnemonic_code": "yjsf_yjsds",
				"balance_direction": "贷",
				"status": "1",
				"parent_id": "41",
				"level": "2",
				"system_default": "1",
				"account_sets_id": "",
				"balance": "",
				"unit": "",
				"auxiliary_accounting": ""
			},
			{
				"id": "58",
				"type": "负债",
				"code": "222107",
				"name": "应交土地增值税",
				"mnemonic_code": "yjsf_yjtdzzs",
				"balance_direction": "贷",
				"status": "1",
				"parent_id": "41",
				"level": "2",
				"system_default": "1",
				"account_sets_id": "",
				"balance": "",
				"unit": "",
				"auxiliary_accounting": ""
			},
			{
				"id": "59",
				"type": "负债",
				"code": "222108",
				"name": "应交城市维护建设税",
				"mnemonic_code": "yjsf_yjcswhjss",
				"balance_direction": "贷",
				"status": "1",
				"parent_id": "41",
				"level": "2",
				"system_default": "1",
				"account_sets_id": "",
				"balance": "",
				"unit": "",
				"auxiliary_accounting": ""
			},
			{
				"id": "60",
				"type": "负债",
				"code": "222109",
				"name": "应交房产税",
				"mnemonic_code": "yjsf_yjfcs",
				"balance_direction": "贷",
				"status": "1",
				"parent_id": "41",
				"level": "2",
				"system_default": "1",
				"account_sets_id": "",
				"balance": "",
				"unit": "",
				"auxiliary_accounting": ""
			},
			{
				"id": "61",
				"type": "负债",
				"code": "222110",
				"name": "应交城镇土地使用税",
				"mnemonic_code": "yjsf_yjcztdsys",
				"balance_direction": "贷",
				"status": "1",
				"parent_id": "41",
				"level": "2",
				"system_default": "1",
				"account_sets_id": "",
				"balance": "",
				"unit": "",
				"auxiliary_accounting": ""
			},
			{
				"id": "62",
				"type": "负债",
				"code": "222111",
				"name": "应交车船使用税",
				"mnemonic_code": "yjsf_yjccsys",
				"balance_direction": "贷",
				"status": "1",
				"parent_id": "41",
				"level": "2",
				"system_default": "1",
				"account_sets_id": "",
				"balance": "",
				"unit": "",
				"auxiliary_accounting": ""
			},
			{
				"id": "63",
				"type": "负债",
				"code": "222112",
				"name": "应交个人所得税",
				"mnemonic_code": "yjsf_yjgrsds",
				"balance_direction": "贷",
				"status": "1",
				"parent_id": "41",
				"level": "2",
				"system_default": "1",
				"account_sets_id": "",
				"balance": "",
				"unit": "",
				"auxiliary_accounting": ""
			},
			{
				"id": "64",
				"type": "负债",
				"code": "222113",
				"name": "教育费附加",
				"mnemonic_code": "yjsf_jyffj",
				"balance_direction": "贷",
				"status": "1",
				"parent_id": "41",
				"level": "2",
				"system_default": "1",
				"account_sets_id": "",
				"balance": "",
				"unit": "",
				"auxiliary_accounting": ""
			},
			{
				"id": "65",
				"type": "负债",
				"code": "222114",
				"name": "地方教育费附加",
				"mnemonic_code": "yjsf_dfjyffj",
				"balance_direction": "贷",
				"status": "1",
				"parent_id": "41",
				"level": "2",
				"system_default": "1",
				"account_sets_id": "",
				"balance": "",
				"unit": "",
				"auxiliary_accounting": ""
			},
			{
				"id": "66",
				"type": "负债",
				"code": "222115",
				"name": "矿产资源补偿费",
				"mnemonic_code": "yjsf_kczybcf",
				"balance_direction": "贷",
				"status": "1",
				"parent_id": "41",
				"level": "2",
				"system_default": "1",
				"account_sets_id": "",
				"balance": "",
				"unit": "",
				"auxiliary_accounting": ""
			},
			{
				"id": "67",
				"type": "负债",
				"code": "222116",
				"name": "排污费",
				"mnemonic_code": "yjsf_pwf",
				"balance_direction": "贷",
				"status": "1",
				"parent_id": "41",
				"level": "2",
				"system_default": "1",
				"account_sets_id": "",
				"balance": "",
				"unit": "",
				"auxiliary_accounting": ""
			},
			{
				"id": "68",
				"type": "负债",
				"code": "222117",
				"name": "印花税",
				"mnemonic_code": "yjsf_yhs",
				"balance_direction": "贷",
				"status": "1",
				"parent_id": "41",
				"level": "2",
				"system_default": "1",
				"account_sets_id": "",
				"balance": "",
				"unit": "",
				"auxiliary_accounting": ""
			},
			{
				"id": "69",
				"type": "负债",
				"code": "222118",
				"name": "预交增值税",
				"mnemonic_code": "yjsf_yjzzs",
				"balance_direction": "贷",
				"status": "1",
				"parent_id": "41",
				"level": "2",
				"system_default": "1",
				"account_sets_id": "",
				"balance": "",
				"unit": "",
				"auxiliary_accounting": ""
			},
			{
				"id": "70",
				"type": "负债",
				"code": "222119",
				"name": "待抵扣进项税额",
				"mnemonic_code": "yjsf_ddkjxse",
				"balance_direction": "贷",
				"status": "1",
				"parent_id": "41",
				"level": "2",
				"system_default": "1",
				"account_sets_id": "",
				"balance": "",
				"unit": "",
				"auxiliary_accounting": ""
			},
			{
				"id": "71",
				"type": "负债",
				"code": "222120",
				"name": "待认证进项税额",
				"mnemonic_code": "yjsf_drzjxse",
				"balance_direction": "贷",
				"status": "1",
				"parent_id": "41",
				"level": "2",
				"system_default": "1",
				"account_sets_id": "",
				"balance": "",
				"unit": "",
				"auxiliary_accounting": ""
			},
			{
				"id": "72",
				"type": "负债",
				"code": "222121",
				"name": "待转销项税额",
				"mnemonic_code": "yjsf_dzxxse",
				"balance_direction": "贷",
				"status": "1",
				"parent_id": "41",
				"level": "2",
				"system_default": "1",
				"account_sets_id": "",
				"balance": "",
				"unit": "",
				"auxiliary_accounting": ""
			},
			{
				"id": "73",
				"type": "负债",
				"code": "222122",
				"name": "增值税留抵税额",
				"mnemonic_code": "yjsf_zzsldse",
				"balance_direction": "贷",
				"status": "1",
				"parent_id": "41",
				"level": "2",
				"system_default": "1",
				"account_sets_id": "",
				"balance": "",
				"unit": "",
				"auxiliary_accounting": ""
			},
			{
				"id": "74",
				"type": "负债",
				"code": "222123",
				"name": "简易计税",
				"mnemonic_code": "yjsf_jyjs",
				"balance_direction": "贷",
				"status": "1",
				"parent_id": "41",
				"level": "2",
				"system_default": "1",
				"account_sets_id": "",
				"balance": "",
				"unit": "",
				"auxiliary_accounting": ""
			},
			{
				"id": "75",
				"type": "负债",
				"code": "222124",
				"name": "转让金融商品应交增值税",
				"mnemonic_code": "yjsf_zrjrspyjzzs",
				"balance_direction": "贷",
				"status": "1",
				"parent_id": "41",
				"level": "2",
				"system_default": "1",
				"account_sets_id": "",
				"balance": "",
				"unit": "",
				"auxiliary_accounting": ""
			},
			{
				"id": "76",
				"type": "负债",
				"code": "222125",
				"name": "代扣代交增值税",
				"mnemonic_code": "yjsf_dkdjzzs",
				"balance_direction": "贷",
				"status": "1",
				"parent_id": "41",
				"level": "2",
				"system_default": "1",
				"account_sets_id": "",
				"balance": "",
				"unit": "",
				"auxiliary_accounting": ""
			},
			{
				"id": "77",
				"type": "负债",
				"code": "222126",
				"name": "应交增值税（小规模纳税人专用）",
				"mnemonic_code": "yjsf_yjzzs（xgmnsrzy）",
				"balance_direction": "贷",
				"status": "1",
				"parent_id": "41",
				"level": "2",
				"system_default": "1",
				"account_sets_id": "",
				"balance": "",
				"unit": "",
				"auxiliary_accounting": ""
			}
		]
	},
	{
		"id": "78",
		"type": "负债",
		"code": "2231",
		"name": "应付利息",
		"mnemonic_code": "yflx",
		"balance_direction": "贷",
		"status": "1",
		"parent_id": "0",
		"level": "1",
		"system_default": "1",
		"account_sets_id": "",
		"balance": "",
		"unit": "",
		"auxiliary_accounting": ""
	},
	{
		"id": "79",
		"type": "负债",
		"code": "2232",
		"name": "应付利润",
		"mnemonic_code": "yflr",
		"balance_direction": "贷",
		"status": "1",
		"parent_id": "0",
		"level": "1",
		"system_default": "1",
		"account_sets_id": "",
		"balance": "",
		"unit": "",
		"auxiliary_accounting": ""
	},
	{
		"id": "80",
		"type": "负债",
		"code": "2241",
		"name": "其他应付款",
		"mnemonic_code": "qtyfk",
		"balance_direction": "贷",
		"status": "1",
		"parent_id": "0",
		"level": "1",
		"system_default": "1",
		"account_sets_id": "",
		"balance": "",
		"unit": "",
		"auxiliary_accounting": ""
	},
	{
		"id": "81",
		"type": "负债",
		"code": "2401",
		"name": "递延收益",
		"mnemonic_code": "dysy",
		"balance_direction": "贷",
		"status": "1",
		"parent_id": "0",
		"level": "1",
		"system_default": "1",
		"account_sets_id": "",
		"balance": "",
		"unit": "",
		"auxiliary_accounting": ""
	},
	{
		"id": "82",
		"type": "负债",
		"code": "2501",
		"name": "长期借款",
		"mnemonic_code": "cqjk",
		"balance_direction": "贷",
		"status": "1",
		"parent_id": "0",
		"level": "1",
		"system_default": "1",
		"account_sets_id": "",
		"balance": "",
		"unit": "",
		"auxiliary_accounting": ""
	},
	{
		"id": "83",
		"type": "负债",
		"code": "2701",
		"name": "长期应付款",
		"mnemonic_code": "cqyfk",
		"balance_direction": "贷",
		"status": "1",
		"parent_id": "0",
		"level": "1",
		"system_default": "1",
		"account_sets_id": "",
		"balance": "",
		"unit": "",
		"auxiliary_accounting": ""
	},
	{
		"id": "84",
		"type": "权益",
		"code": "3001",
		"name": "实收资本",
		"mnemonic_code": "sszb",
		"balance_direction": "贷",
		"status": "1",
		"parent_id": "0",
		"level": "1",
		"system_default": "1",
		"account_sets_id": "",
		"balance": "",
		"unit": "",
		"auxiliary_accounting": ""
	},
	{
		"id": "85",
		"type": "权益",
		"code": "3002",
		"name": "资本公积",
		"mnemonic_code": "zbgj",
		"balance_direction": "贷",
		"status": "1",
		"parent_id": "0",
		"level": "1",
		"system_default": "1",
		"account_sets_id": "",
		"balance": "",
		"unit": "",
		"auxiliary_accounting": ""
	},
	{
		"id": "86",
		"type": "权益",
		"code": "3101",
		"name": "盈余公积",
		"mnemonic_code": "yygj",
		"balance_direction": "贷",
		"status": "1",
		"parent_id": "0",
		"level": "1",
		"system_default": "1",
		"account_sets_id": "",
		"balance": "",
		"unit": "",
		"auxiliary_accounting": "",
		"children": [
			{
				"id": "87",
				"type": "权益",
				"code": "310101",
				"name": "法定盈余公积",
				"mnemonic_code": "yygj_fdyygj",
				"balance_direction": "贷",
				"status": "1",
				"parent_id": "86",
				"level": "2",
				"system_default": "1",
				"account_sets_id": "",
				"balance": "",
				"unit": "",
				"auxiliary_accounting": ""
			},
			{
				"id": "88",
				"type": "权益",
				"code": "310102",
				"name": "任意盈余公积",
				"mnemonic_code": "yygj_ryyygj",
				"balance_direction": "贷",
				"status": "1",
				"parent_id": "86",
				"level": "2",
				"system_default": "1",
				"account_sets_id": "",
				"balance": "",
				"unit": "",
				"auxiliary_accounting": ""
			},
			{
				"id": "89",
				"type": "权益",
				"code": "310103",
				"name": "法定公益金",
				"mnemonic_code": "yygj_fdgyj",
				"balance_direction": "贷",
				"status": "1",
				"parent_id": "86",
				"level": "2",
				"system_default": "1",
				"account_sets_id": "",
				"balance": "",
				"unit": "",
				"auxiliary_accounting": ""
			}
		]
	},
	{
		"id": "90",
		"type": "权益",
		"code": "3103",
		"name": "本年利润",
		"mnemonic_code": "bnlr",
		"balance_direction": "贷",
		"status": "1",
		"parent_id": "0",
		"level": "1",
		"system_default": "1",
		"account_sets_id": "",
		"balance": "",
		"unit": "",
		"auxiliary_accounting": ""
	},
	{
		"id": "91",
		"type": "权益",
		"code": "3104",
		"name": "利润分配",
		"mnemonic_code": "lrfp",
		"balance_direction": "贷",
		"status": "1",
		"parent_id": "0",
		"level": "1",
		"system_default": "1",
		"account_sets_id": "",
		"balance": "",
		"unit": "",
		"auxiliary_accounting": "",
		"children": [
			{
				"id": "92",
				"type": "权益",
				"code": "310401",
				"name": "其他转入",
				"mnemonic_code": "lrfp_qtzr",
				"balance_direction": "贷",
				"status": "1",
				"parent_id": "91",
				"level": "2",
				"system_default": "1",
				"account_sets_id": "",
				"balance": "",
				"unit": "",
				"auxiliary_accounting": ""
			},
			{
				"id": "93",
				"type": "权益",
				"code": "310402",
				"name": "提取法定盈余公积",
				"mnemonic_code": "lrfp_tqfdyygj",
				"balance_direction": "贷",
				"status": "1",
				"parent_id": "91",
				"level": "2",
				"system_default": "1",
				"account_sets_id": "",
				"balance": "",
				"unit": "",
				"auxiliary_accounting": ""
			},
			{
				"id": "94",
				"type": "权益",
				"code": "310403",
				"name": "提取法定公益金",
				"mnemonic_code": "lrfp_tqfdgyj",
				"balance_direction": "贷",
				"status": "1",
				"parent_id": "91",
				"level": "2",
				"system_default": "1",
				"account_sets_id": "",
				"balance": "",
				"unit": "",
				"auxiliary_accounting": ""
			},
			{
				"id": "95",
				"type": "权益",
				"code": "310404",
				"name": "提取任意盈余公积",
				"mnemonic_code": "lrfp_tqryyygj",
				"balance_direction": "贷",
				"status": "1",
				"parent_id": "91",
				"level": "2",
				"system_default": "1",
				"account_sets_id": "",
				"balance": "",
				"unit": "",
				"auxiliary_accounting": ""
			},
			{
				"id": "96",
				"type": "权益",
				"code": "310405",
				"name": "应付利润",
				"mnemonic_code": "lrfp_yflr",
				"balance_direction": "贷",
				"status": "1",
				"parent_id": "91",
				"level": "2",
				"system_default": "1",
				"account_sets_id": "",
				"balance": "",
				"unit": "",
				"auxiliary_accounting": ""
			},
			{
				"id": "97",
				"type": "权益",
				"code": "310406",
				"name": "未分配利润",
				"mnemonic_code": "lrfp_wfplr",
				"balance_direction": "贷",
				"status": "1",
				"parent_id": "91",
				"level": "2",
				"system_default": "1",
				"account_sets_id": "",
				"balance": "",
				"unit": "",
				"auxiliary_accounting": ""
			}
		]
	},
	{
		"id": "98",
		"type": "成本",
		"code": "4001",
		"name": "生产成本",
		"mnemonic_code": "sccb",
		"balance_direction": "借",
		"status": "1",
		"parent_id": "0",
		"level": "1",
		"system_default": "1",
		"account_sets_id": "",
		"balance": "",
		"unit": "",
		"auxiliary_accounting": ""
	},
	{
		"id": "99",
		"type": "成本",
		"code": "4101",
		"name": "制造费用",
		"mnemonic_code": "zzfy",
		"balance_direction": "借",
		"status": "1",
		"parent_id": "0",
		"level": "1",
		"system_default": "1",
		"account_sets_id": "",
		"balance": "",
		"unit": "",
		"auxiliary_accounting": ""
	},
	{
		"id": "100",
		"type": "成本",
		"code": "4301",
		"name": "研发支出",
		"mnemonic_code": "yfzc",
		"balance_direction": "借",
		"status": "1",
		"parent_id": "0",
		"level": "1",
		"system_default": "1",
		"account_sets_id": "",
		"balance": "",
		"unit": "",
		"auxiliary_accounting": ""
	},
	{
		"id": "101",
		"type": "成本",
		"code": "4401",
		"name": "工程施工",
		"mnemonic_code": "gcsg",
		"balance_direction": "借",
		"status": "1",
		"parent_id": "0",
		"level": "1",
		"system_default": "1",
		"account_sets_id": "",
		"balance": "",
		"unit": "",
		"auxiliary_accounting": ""
	},
	{
		"id": "102",
		"type": "成本",
		"code": "4403",
		"name": "机械作业",
		"mnemonic_code": "jxzy",
		"balance_direction": "借",
		"status": "1",
		"parent_id": "0",
		"level": "1",
		"system_default": "1",
		"account_sets_id": "",
		"balance": "",
		"unit": "",
		"auxiliary_accounting": ""
	},
	{
		"id": "103",
		"type": "损益",
		"code": "5001",
		"name": "主营业务收入",
		"mnemonic_code": "zyywsr",
		"balance_direction": "贷",
		"status": "1",
		"parent_id": "0",
		"level": "1",
		"system_default": "1",
		"account_sets_id": "",
		"balance": "",
		"unit": "",
		"auxiliary_accounting": ""
	},
	{
		"id": "104",
		"type": "损益",
		"code": "5051",
		"name": "其他业务收入",
		"mnemonic_code": "qtywsr",
		"balance_direction": "贷",
		"status": "1",
		"parent_id": "0",
		"level": "1",
		"system_default": "1",
		"account_sets_id": "",
		"balance": "",
		"unit": "",
		"auxiliary_accounting": ""
	},
	{
		"id": "105",
		"type": "损益",
		"code": "5111",
		"name": "投资收益",
		"mnemonic_code": "tzsy",
		"balance_direction": "贷",
		"status": "1",
		"parent_id": "0",
		"level": "1",
		"system_default": "1",
		"account_sets_id": "",
		"balance": "",
		"unit": "",
		"auxiliary_accounting": ""
	},
	{
		"id": "106",
		"type": "损益",
		"code": "5301",
		"name": "营业外收入",
		"mnemonic_code": "yywsr",
		"balance_direction": "贷",
		"status": "1",
		"parent_id": "0",
		"level": "1",
		"system_default": "1",
		"account_sets_id": "",
		"balance": "",
		"unit": "",
		"auxiliary_accounting": "",
		"children": [
			{
				"id": "107",
				"type": "损益",
				"code": "530101",
				"name": "非流动资产处置净收益",
				"mnemonic_code": "yywsr_fldzcczjsy",
				"balance_direction": "贷",
				"status": "1",
				"parent_id": "106",
				"level": "2",
				"system_default": "1",
				"account_sets_id": "",
				"balance": "",
				"unit": "",
				"auxiliary_accounting": ""
			},
			{
				"id": "108",
				"type": "损益",
				"code": "530102",
				"name": "政府补助",
				"mnemonic_code": "yywsr_zfbz",
				"balance_direction": "贷",
				"status": "1",
				"parent_id": "106",
				"level": "2",
				"system_default": "1",
				"account_sets_id": "",
				"balance": "",
				"unit": "",
				"auxiliary_accounting": ""
			},
			{
				"id": "109",
				"type": "损益",
				"code": "530103",
				"name": "捐赠收益",
				"mnemonic_code": "yywsr_jzsy",
				"balance_direction": "贷",
				"status": "1",
				"parent_id": "106",
				"level": "2",
				"system_default": "1",
				"account_sets_id": "",
				"balance": "",
				"unit": "",
				"auxiliary_accounting": ""
			},
			{
				"id": "110",
				"type": "损益",
				"code": "530104",
				"name": "盘盈收益",
				"mnemonic_code": "yywsr_pysy",
				"balance_direction": "贷",
				"status": "1",
				"parent_id": "106",
				"level": "2",
				"system_default": "1",
				"account_sets_id": "",
				"balance": "",
				"unit": "",
				"auxiliary_accounting": ""
			}
		]
	},
	{
		"id": "111",
		"type": "损益",
		"code": "5401",
		"name": "主营业务成本",
		"mnemonic_code": "zyywcb",
		"balance_direction": "借",
		"status": "1",
		"parent_id": "0",
		"level": "1",
		"system_default": "1",
		"account_sets_id": "",
		"balance": "",
		"unit": "",
		"auxiliary_accounting": ""
	},
	{
		"id": "112",
		"type": "损益",
		"code": "5402",
		"name": "其他业务成本",
		"mnemonic_code": "qtywcb",
		"balance_direction": "借",
		"status": "1",
		"parent_id": "0",
		"level": "1",
		"system_default": "1",
		"account_sets_id": "",
		"balance": "",
		"unit": "",
		"auxiliary_accounting": ""
	},
	{
		"id": "113",
		"type": "损益",
		"code": "5403",
		"name": "税金及附加",
		"mnemonic_code": "sjjfj",
		"balance_direction": "借",
		"status": "1",
		"parent_id": "0",
		"level": "1",
		"system_default": "1",
		"account_sets_id": "",
		"balance": "",
		"unit": "",
		"auxiliary_accounting": ""
	},
	{
		"id": "114",
		"type": "损益",
		"code": "5601",
		"name": "销售费用",
		"mnemonic_code": "xsfy",
		"balance_direction": "借",
		"status": "1",
		"parent_id": "0",
		"level": "1",
		"system_default": "1",
		"account_sets_id": "",
		"balance": "",
		"unit": "",
		"auxiliary_accounting": "",
		"children": [
			{
				"id": "115",
				"type": "损益",
				"code": "560101",
				"name": "销售人员职工薪酬",
				"mnemonic_code": "xsfy_xsryzgxc",
				"balance_direction": "借",
				"status": "1",
				"parent_id": "114",
				"level": "2",
				"system_default": "1",
				"account_sets_id": "",
				"balance": "",
				"unit": "",
				"auxiliary_accounting": ""
			},
			{
				"id": "116",
				"type": "损益",
				"code": "560102",
				"name": "业务招待费",
				"mnemonic_code": "xsfy_ywzdf",
				"balance_direction": "借",
				"status": "1",
				"parent_id": "114",
				"level": "2",
				"system_default": "1",
				"account_sets_id": "",
				"balance": "",
				"unit": "",
				"auxiliary_accounting": ""
			},
			{
				"id": "117",
				"type": "损益",
				"code": "560103",
				"name": "修理费",
				"mnemonic_code": "xsfy_xlf",
				"balance_direction": "借",
				"status": "1",
				"parent_id": "114",
				"level": "2",
				"system_default": "1",
				"account_sets_id": "",
				"balance": "",
				"unit": "",
				"auxiliary_accounting": ""
			},
			{
				"id": "118",
				"type": "损益",
				"code": "560104",
				"name": "办公费",
				"mnemonic_code": "xsfy_bgf",
				"balance_direction": "借",
				"status": "1",
				"parent_id": "114",
				"level": "2",
				"system_default": "1",
				"account_sets_id": "",
				"balance": "",
				"unit": "",
				"auxiliary_accounting": ""
			},
			{
				"id": "119",
				"type": "损益",
				"code": "560105",
				"name": "水电费",
				"mnemonic_code": "xsfy_sdf",
				"balance_direction": "借",
				"status": "1",
				"parent_id": "114",
				"level": "2",
				"system_default": "1",
				"account_sets_id": "",
				"balance": "",
				"unit": "",
				"auxiliary_accounting": ""
			},
			{
				"id": "120",
				"type": "损益",
				"code": "560106",
				"name": "差旅费",
				"mnemonic_code": "xsfy_clf",
				"balance_direction": "借",
				"status": "1",
				"parent_id": "114",
				"level": "2",
				"system_default": "1",
				"account_sets_id": "",
				"balance": "",
				"unit": "",
				"auxiliary_accounting": ""
			},
			{
				"id": "121",
				"type": "损益",
				"code": "560107",
				"name": "折旧费",
				"mnemonic_code": "xsfy_zjf",
				"balance_direction": "借",
				"status": "1",
				"parent_id": "114",
				"level": "2",
				"system_default": "1",
				"account_sets_id": "",
				"balance": "",
				"unit": "",
				"auxiliary_accounting": ""
			},
			{
				"id": "122",
				"type": "损益",
				"code": "560108",
				"name": "摊销费",
				"mnemonic_code": "xsfy_txf",
				"balance_direction": "借",
				"status": "1",
				"parent_id": "114",
				"level": "2",
				"system_default": "1",
				"account_sets_id": "",
				"balance": "",
				"unit": "",
				"auxiliary_accounting": ""
			},
			{
				"id": "123",
				"type": "损益",
				"code": "560109",
				"name": "展览费",
				"mnemonic_code": "xsfy_zlf",
				"balance_direction": "借",
				"status": "1",
				"parent_id": "114",
				"level": "2",
				"system_default": "1",
				"account_sets_id": "",
				"balance": "",
				"unit": "",
				"auxiliary_accounting": ""
			},
			{
				"id": "124",
				"type": "损益",
				"code": "560110",
				"name": "商品维修费",
				"mnemonic_code": "xsfy_spwxf",
				"balance_direction": "借",
				"status": "1",
				"parent_id": "114",
				"level": "2",
				"system_default": "1",
				"account_sets_id": "",
				"balance": "",
				"unit": "",
				"auxiliary_accounting": ""
			},
			{
				"id": "125",
				"type": "损益",
				"code": "560111",
				"name": "运输费",
				"mnemonic_code": "xsfy_ysf",
				"balance_direction": "借",
				"status": "1",
				"parent_id": "114",
				"level": "2",
				"system_default": "1",
				"account_sets_id": "",
				"balance": "",
				"unit": "",
				"auxiliary_accounting": ""
			},
			{
				"id": "126",
				"type": "损益",
				"code": "560112",
				"name": "装卸费",
				"mnemonic_code": "xsfy_zxf",
				"balance_direction": "借",
				"status": "1",
				"parent_id": "114",
				"level": "2",
				"system_default": "1",
				"account_sets_id": "",
				"balance": "",
				"unit": "",
				"auxiliary_accounting": ""
			},
			{
				"id": "127",
				"type": "损益",
				"code": "560113",
				"name": "包装费",
				"mnemonic_code": "xsfy_bzf",
				"balance_direction": "借",
				"status": "1",
				"parent_id": "114",
				"level": "2",
				"system_default": "1",
				"account_sets_id": "",
				"balance": "",
				"unit": "",
				"auxiliary_accounting": ""
			},
			{
				"id": "128",
				"type": "损益",
				"code": "560114",
				"name": "保险费",
				"mnemonic_code": "xsfy_bxf",
				"balance_direction": "借",
				"status": "1",
				"parent_id": "114",
				"level": "2",
				"system_default": "1",
				"account_sets_id": "",
				"balance": "",
				"unit": "",
				"auxiliary_accounting": ""
			},
			{
				"id": "129",
				"type": "损益",
				"code": "560115",
				"name": "广告费",
				"mnemonic_code": "xsfy_ggf",
				"balance_direction": "借",
				"status": "1",
				"parent_id": "114",
				"level": "2",
				"system_default": "1",
				"account_sets_id": "",
				"balance": "",
				"unit": "",
				"auxiliary_accounting": ""
			},
			{
				"id": "130",
				"type": "损益",
				"code": "560116",
				"name": "业务宣传费",
				"mnemonic_code": "xsfy_ywxcf",
				"balance_direction": "借",
				"status": "1",
				"parent_id": "114",
				"level": "2",
				"system_default": "1",
				"account_sets_id": "",
				"balance": "",
				"unit": "",
				"auxiliary_accounting": ""
			}
		]
	},
	{
		"id": "131",
		"type": "损益",
		"code": "5602",
		"name": "管理费用",
		"mnemonic_code": "glfy",
		"balance_direction": "借",
		"status": "1",
		"parent_id": "0",
		"level": "1",
		"system_default": "1",
		"account_sets_id": "",
		"balance": "",
		"unit": "",
		"auxiliary_accounting": "",
		"children": [
			{
				"id": "132",
				"type": "损益",
				"code": "560201",
				"name": "管理人员职工薪酬",
				"mnemonic_code": "glfy_glryzgxc",
				"balance_direction": "借",
				"status": "1",
				"parent_id": "131",
				"level": "2",
				"system_default": "1",
				"account_sets_id": "",
				"balance": "",
				"unit": "",
				"auxiliary_accounting": ""
			},
			{
				"id": "133",
				"type": "损益",
				"code": "560202",
				"name": "业务招待费",
				"mnemonic_code": "glfy_ywzdf",
				"balance_direction": "借",
				"status": "1",
				"parent_id": "131",
				"level": "2",
				"system_default": "1",
				"account_sets_id": "",
				"balance": "",
				"unit": "",
				"auxiliary_accounting": ""
			},
			{
				"id": "134",
				"type": "损益",
				"code": "560203",
				"name": "修理费",
				"mnemonic_code": "glfy_xlf",
				"balance_direction": "借",
				"status": "1",
				"parent_id": "131",
				"level": "2",
				"system_default": "1",
				"account_sets_id": "",
				"balance": "",
				"unit": "",
				"auxiliary_accounting": ""
			},
			{
				"id": "135",
				"type": "损益",
				"code": "560204",
				"name": "办公费",
				"mnemonic_code": "glfy_bgf",
				"balance_direction": "借",
				"status": "1",
				"parent_id": "131",
				"level": "2",
				"system_default": "1",
				"account_sets_id": "",
				"balance": "",
				"unit": "",
				"auxiliary_accounting": ""
			},
			{
				"id": "136",
				"type": "损益",
				"code": "560205",
				"name": "水电费",
				"mnemonic_code": "glfy_sdf",
				"balance_direction": "借",
				"status": "1",
				"parent_id": "131",
				"level": "2",
				"system_default": "1",
				"account_sets_id": "",
				"balance": "",
				"unit": "",
				"auxiliary_accounting": ""
			},
			{
				"id": "137",
				"type": "损益",
				"code": "560206",
				"name": "差旅费",
				"mnemonic_code": "glfy_clf",
				"balance_direction": "借",
				"status": "1",
				"parent_id": "131",
				"level": "2",
				"system_default": "1",
				"account_sets_id": "",
				"balance": "",
				"unit": "",
				"auxiliary_accounting": ""
			},
			{
				"id": "138",
				"type": "损益",
				"code": "560207",
				"name": "折旧费",
				"mnemonic_code": "glfy_zjf",
				"balance_direction": "借",
				"status": "1",
				"parent_id": "131",
				"level": "2",
				"system_default": "1",
				"account_sets_id": "",
				"balance": "",
				"unit": "",
				"auxiliary_accounting": ""
			},
			{
				"id": "139",
				"type": "损益",
				"code": "560208",
				"name": "摊销费",
				"mnemonic_code": "glfy_txf",
				"balance_direction": "借",
				"status": "1",
				"parent_id": "131",
				"level": "2",
				"system_default": "1",
				"account_sets_id": "",
				"balance": "",
				"unit": "",
				"auxiliary_accounting": ""
			},
			{
				"id": "140",
				"type": "损益",
				"code": "560209",
				"name": "开办费",
				"mnemonic_code": "glfy_kbf",
				"balance_direction": "借",
				"status": "1",
				"parent_id": "131",
				"level": "2",
				"system_default": "1",
				"account_sets_id": "",
				"balance": "",
				"unit": "",
				"auxiliary_accounting": ""
			},
			{
				"id": "141",
				"type": "损益",
				"code": "560210",
				"name": "研究费用",
				"mnemonic_code": "glfy_yjfy",
				"balance_direction": "借",
				"status": "1",
				"parent_id": "131",
				"level": "2",
				"system_default": "1",
				"account_sets_id": "",
				"balance": "",
				"unit": "",
				"auxiliary_accounting": ""
			},
			{
				"id": "142",
				"type": "损益",
				"code": "560211",
				"name": "咨询费",
				"mnemonic_code": "glfy_zxf",
				"balance_direction": "借",
				"status": "1",
				"parent_id": "131",
				"level": "2",
				"system_default": "1",
				"account_sets_id": "",
				"balance": "",
				"unit": "",
				"auxiliary_accounting": ""
			},
			{
				"id": "143",
				"type": "损益",
				"code": "560212",
				"name": "长期待摊费用摊销",
				"mnemonic_code": "glfy_cqdtfytx",
				"balance_direction": "借",
				"status": "1",
				"parent_id": "131",
				"level": "2",
				"system_default": "1",
				"account_sets_id": "",
				"balance": "",
				"unit": "",
				"auxiliary_accounting": ""
			}
		]
	},
	{
		"id": "144",
		"type": "损益",
		"code": "5603",
		"name": "财务费用",
		"mnemonic_code": "cwfy",
		"balance_direction": "借",
		"status": "1",
		"parent_id": "0",
		"level": "1",
		"system_default": "1",
		"account_sets_id": "",
		"balance": "",
		"unit": "",
		"auxiliary_accounting": "",
		"children": [
			{
				"id": "145",
				"type": "损益",
				"code": "560301",
				"name": "利息费用",
				"mnemonic_code": "cwfy_lxfy",
				"balance_direction": "借",
				"status": "1",
				"parent_id": "144",
				"level": "2",
				"system_default": "1",
				"account_sets_id": "",
				"balance": "",
				"unit": "",
				"auxiliary_accounting": ""
			},
			{
				"id": "146",
				"type": "损益",
				"code": "560302",
				"name": "手续费",
				"mnemonic_code": "cwfy_sxf",
				"balance_direction": "借",
				"status": "1",
				"parent_id": "144",
				"level": "2",
				"system_default": "1",
				"account_sets_id": "",
				"balance": "",
				"unit": "",
				"auxiliary_accounting": ""
			},
			{
				"id": "147",
				"type": "损益",
				"code": "560303",
				"name": "汇兑损益",
				"mnemonic_code": "cwfy_hdsy",
				"balance_direction": "借",
				"status": "1",
				"parent_id": "144",
				"level": "2",
				"system_default": "1",
				"account_sets_id": "",
				"balance": "",
				"unit": "",
				"auxiliary_accounting": ""
			},
			{
				"id": "148",
				"type": "损益",
				"code": "560304",
				"name": "现金折扣",
				"mnemonic_code": "cwfy_xjzk",
				"balance_direction": "借",
				"status": "1",
				"parent_id": "144",
				"level": "2",
				"system_default": "1",
				"account_sets_id": "",
				"balance": "",
				"unit": "",
				"auxiliary_accounting": ""
			}
		]
	},
	{
		"id": "149",
		"type": "损益",
		"code": "5711",
		"name": "营业外支出",
		"mnemonic_code": "yywzc",
		"balance_direction": "借",
		"status": "1",
		"parent_id": "0",
		"level": "1",
		"system_default": "1",
		"account_sets_id": "",
		"balance": "",
		"unit": "",
		"auxiliary_accounting": "",
		"children": [
			{
				"id": "150",
				"type": "损益",
				"code": "571101",
				"name": "非流动资产处置净损失",
				"mnemonic_code": "yywzc_fldzcczjss",
				"balance_direction": "借",
				"status": "1",
				"parent_id": "149",
				"level": "2",
				"system_default": "1",
				"account_sets_id": "",
				"balance": "",
				"unit": "",
				"auxiliary_accounting": ""
			},
			{
				"id": "151",
				"type": "损益",
				"code": "571102",
				"name": "赞助支出",
				"mnemonic_code": "yywzc_zzzc",
				"balance_direction": "借",
				"status": "1",
				"parent_id": "149",
				"level": "2",
				"system_default": "1",
				"account_sets_id": "",
				"balance": "",
				"unit": "",
				"auxiliary_accounting": ""
			},
			{
				"id": "152",
				"type": "损益",
				"code": "571103",
				"name": "捐赠支出",
				"mnemonic_code": "yywzc_jzzc",
				"balance_direction": "借",
				"status": "1",
				"parent_id": "149",
				"level": "2",
				"system_default": "1",
				"account_sets_id": "",
				"balance": "",
				"unit": "",
				"auxiliary_accounting": ""
			},
			{
				"id": "153",
				"type": "损益",
				"code": "571104",
				"name": "盘亏损失",
				"mnemonic_code": "yywzc_pkss",
				"balance_direction": "借",
				"status": "1",
				"parent_id": "149",
				"level": "2",
				"system_default": "1",
				"account_sets_id": "",
				"balance": "",
				"unit": "",
				"auxiliary_accounting": ""
			},
			{
				"id": "154",
				"type": "损益",
				"code": "571105",
				"name": "坏账损失",
				"mnemonic_code": "yywzc_hzss",
				"balance_direction": "借",
				"status": "1",
				"parent_id": "149",
				"level": "2",
				"system_default": "1",
				"account_sets_id": "",
				"balance": "",
				"unit": "",
				"auxiliary_accounting": ""
			},
			{
				"id": "155",
				"type": "损益",
				"code": "571106",
				"name": "存货毁损报废损失",
				"mnemonic_code": "yywzc_chhsbfss",
				"balance_direction": "借",
				"status": "1",
				"parent_id": "149",
				"level": "2",
				"system_default": "1",
				"account_sets_id": "",
				"balance": "",
				"unit": "",
				"auxiliary_accounting": ""
			},
			{
				"id": "156",
				"type": "损益",
				"code": "571107",
				"name": "无法收回的长期债券投资损失",
				"mnemonic_code": "yywzc_wfshdcqzqtzss",
				"balance_direction": "借",
				"status": "1",
				"parent_id": "149",
				"level": "2",
				"system_default": "1",
				"account_sets_id": "",
				"balance": "",
				"unit": "",
				"auxiliary_accounting": ""
			},
			{
				"id": "157",
				"type": "损益",
				"code": "571108",
				"name": "无法收回的长期股权投资损失",
				"mnemonic_code": "yywzc_wfshdcqgqtzss",
				"balance_direction": "借",
				"status": "1",
				"parent_id": "149",
				"level": "2",
				"system_default": "1",
				"account_sets_id": "",
				"balance": "",
				"unit": "",
				"auxiliary_accounting": ""
			},
			{
				"id": "158",
				"type": "损益",
				"code": "571109",
				"name": "自然灾害等不可抗力因素造成的损失",
				"mnemonic_code": "yywzc_zrzhdbkklyszcdss",
				"balance_direction": "借",
				"status": "1",
				"parent_id": "149",
				"level": "2",
				"system_default": "1",
				"account_sets_id": "",
				"balance": "",
				"unit": "",
				"auxiliary_accounting": ""
			},
			{
				"id": "159",
				"type": "损益",
				"code": "571110",
				"name": "税收滞纳金",
				"mnemonic_code": "yywzc_ssznj",
				"balance_direction": "借",
				"status": "1",
				"parent_id": "149",
				"level": "2",
				"system_default": "1",
				"account_sets_id": "",
				"balance": "",
				"unit": "",
				"auxiliary_accounting": ""
			},
			{
				"id": "160",
				"type": "损益",
				"code": "571111",
				"name": "罚款支出",
				"mnemonic_code": "yywzc_fkzc",
				"balance_direction": "借",
				"status": "1",
				"parent_id": "149",
				"level": "2",
				"system_default": "1",
				"account_sets_id": "",
				"balance": "",
				"unit": "",
				"auxiliary_accounting": ""
			}
		]
	},
	{
		"id": "161",
		"type": "损益",
		"code": "5801",
		"name": "所得税费用",
		"mnemonic_code": "sdsfy",
		"balance_direction": "借",
		"status": "1",
		"parent_id": "0",
		"level": "1",
		"system_default": "1",
		"account_sets_id": "",
		"balance": "",
		"unit": "",
		"auxiliary_accounting": ""
	}
]