{
	"items": [
		{
			"formulas": [],
			"id": 102,
			"isBolder": true,
			"isClassified": false,
			"isFolding": false,
			"level": 1,
			"lineNum": 1,
			"pos": 1,
			"sources": 0,
			"templateId": 49,
			"title": "一、经营活动产生的现金流量：",
			"type": 0
		},
		{
			"formulas": [],
			"id": 103,
			"isBolder": false,
			"isClassified": false,
			"isFolding": false,
			"level": 1,
			"lineNum": 2,
			"pos": 2,
			"sources": 0,
			"templateId": 49,
			"title": "销售产成品、商品、提供劳务收到的现金",
			"type": 0
		},
		{
			"formulas": [],
			"id": 104,
			"isBolder": false,
			"isClassified": false,
			"isFolding": false,
			"level": 1,
			"lineNum": 3,
			"pos": 3,
			"sources": 0,
			"templateId": 49,
			"title": "收到其他与经营活动有关的现金",
			"type": 0
		},
		{
			"formulas": [],
			"id": 105,
			"isBolder": false,
			"isClassified": false,
			"isFolding": false,
			"level": 1,
			"lineNum": 4,
			"pos": 4,
			"sources": 0,
			"templateId": 49,
			"title": "购买原材料、商品、接受劳务支付的现金",
			"type": 0
		},
		{
			"formulas": [],
			"id": 106,
			"isBolder": false,
			"isClassified": false,
			"isFolding": false,
			"level": 1,
			"lineNum": 5,
			"pos": 5,
			"sources": 0,
			"templateId": 49,
			"title": "支付的职工薪酬",
			"type": 0
		},
		{
			"formulas": [],
			"id": 107,
			"isBolder": false,
			"isClassified": false,
			"isFolding": false,
			"level": 1,
			"lineNum": 6,
			"pos": 6,
			"sources": 0,
			"templateId": 49,
			"title": "支付的税费",
			"type": 0
		},
		{
			"formulas": [],
			"id": 108,
			"isBolder": false,
			"isClassified": false,
			"isFolding": false,
			"level": 1,
			"lineNum": 7,
			"pos": 7,
			"sources": 0,
			"templateId": 49,
			"title": "支付其他与经营活动有关的现金",
			"type": 0
		},
		{
			"formulas": [],
			"id": 109,
			"isBolder": false,
			"isClassified": false,
			"isFolding": false,
			"level": 1,
			"lineNum": 8,
			"pos": 8,
			"sources": 0,
			"templateId": 49,
			"title": "经营活动产生的现金流量净额",
			"type": 0
		},
		{
			"formulas": [],
			"id": 110,
			"isBolder": true,
			"isClassified": false,
			"isFolding": false,
			"level": 1,
			"lineNum": 9,
			"pos": 9,
			"sources": 0,
			"templateId": 49,
			"title": "二、投资活动产生的现金流量：",
			"type": 0
		},
		{
			"formulas": [],
			"id": 111,
			"isBolder": false,
			"isClassified": false,
			"isFolding": false,
			"level": 1,
			"lineNum": 10,
			"pos": 10,
			"sources": 0,
			"templateId": 49,
			"title": "收回短期投资、长期债券投资和长期股权投资收到的现金",
			"type": 0
		},
		{
			"formulas": [],
			"id": 112,
			"isBolder": false,
			"isClassified": false,
			"isFolding": false,
			"level": 1,
			"lineNum": 11,
			"pos": 11,
			"sources": 0,
			"templateId": 49,
			"title": "取得投资收益收到的现金",
			"type": 0
		},
		{
			"formulas": [],
			"id": 113,
			"isBolder": false,
			"isClassified": false,
			"isFolding": false,
			"level": 1,
			"lineNum": 12,
			"pos": 12,
			"sources": 0,
			"templateId": 49,
			"title": "处置固定资产、无形资产和其他非流动资产收回的现金净额",
			"type": 0
		},
		{
			"formulas": [],
			"id": 114,
			"isBolder": false,
			"isClassified": false,
			"isFolding": false,
			"level": 1,
			"lineNum": 13,
			"pos": 13,
			"sources": 0,
			"templateId": 49,
			"title": "短期投资、长期债券投资和长期股权投资支付的现金",
			"type": 0
		},
		{
			"formulas": [],
			"id": 115,
			"isBolder": false,
			"isClassified": false,
			"isFolding": false,
			"level": 1,
			"lineNum": 14,
			"pos": 14,
			"sources": 0,
			"templateId": 49,
			"title": "购建固定资产、无形资产和其他非流动资产支付的现金",
			"type": 0
		},
		{
			"formulas": [],
			"id": 116,
			"isBolder": false,
			"isClassified": false,
			"isFolding": false,
			"level": 1,
			"lineNum": 15,
			"pos": 15,
			"sources": 0,
			"templateId": 49,
			"title": "投资活动产生的现金流量净额",
			"type": 0
		},
		{
			"formulas": [],
			"id": 117,
			"isBolder": true,
			"isClassified": false,
			"isFolding": false,
			"level": 1,
			"lineNum": 16,
			"pos": 16,
			"sources": 0,
			"templateId": 49,
			"title": "三、筹资活动产生的现金流量：",
			"type": 0
		},
		{
			"formulas": [],
			"id": 118,
			"isBolder": false,
			"isClassified": false,
			"isFolding": false,
			"level": 1,
			"lineNum": 17,
			"pos": 17,
			"sources": 0,
			"templateId": 49,
			"title": "取得借款收到的现金",
			"type": 0
		},
		{
			"formulas": [],
			"id": 119,
			"isBolder": false,
			"isClassified": false,
			"isFolding": false,
			"level": 1,
			"lineNum": 18,
			"pos": 18,
			"sources": 0,
			"templateId": 49,
			"title": "吸收投资者投资收到的现金",
			"type": 0
		},
		{
			"formulas": [],
			"id": 120,
			"isBolder": false,
			"isClassified": false,
			"isFolding": false,
			"level": 1,
			"lineNum": 19,
			"pos": 19,
			"sources": 0,
			"templateId": 49,
			"title": "偿还借款本金支付的现金",
			"type": 0
		},
		{
			"formulas": [],
			"id": 121,
			"isBolder": false,
			"isClassified": false,
			"isFolding": false,
			"level": 1,
			"lineNum": 20,
			"pos": 20,
			"sources": 0,
			"templateId": 49,
			"title": "偿还借款利息支付的现金",
			"type": 0
		},
		{
			"formulas": [],
			"id": 122,
			"isBolder": false,
			"isClassified": false,
			"isFolding": false,
			"level": 1,
			"lineNum": 21,
			"pos": 21,
			"sources": 0,
			"templateId": 49,
			"title": "分配利润支付的现金",
			"type": 0
		},
		{
			"formulas": [],
			"id": 123,
			"isBolder": false,
			"isClassified": false,
			"isFolding": false,
			"level": 1,
			"lineNum": 22,
			"pos": 22,
			"sources": 0,
			"templateId": 49,
			"title": "筹资活动产生的现金流量净额",
			"type": 0
		},
		{
			"formulas": [],
			"id": 124,
			"isBolder": true,
			"isClassified": false,
			"isFolding": false,
			"level": 1,
			"lineNum": 23,
			"pos": 23,
			"sources": 0,
			"templateId": 49,
			"title": "四、现金净增加额",
			"type": 0
		},
		{
			"formulas": [],
			"id": 125,
			"isBolder": false,
			"isClassified": false,
			"isFolding": false,
			"level": 1,
			"lineNum": 24,
			"pos": 24,
			"sources": 0,
			"templateId": 49,
			"title": "加：期初现金余额",
			"type": 0
		},
		{
			"formulas": [],
			"id": 126,
			"isBolder": true,
			"isClassified": false,
			"isFolding": false,
			"level": 1,
			"lineNum": 25,
			"pos": 25,
			"sources": 0,
			"templateId": 49,
			"title": "五、期末现金余额",
			"type": 0
		}
	],
	"name": "现金流量表",
	"templateKey": "xjllb",
	"type": 2
}