{
	"items": [
		{
			"formulas": [],
			"id": 127,
			"isBolder": true,
			"isClassified": false,
			"isFolding": false,
			"level": 1,
			"lineNum": 1,
			"pos": 1,
			"sources": 0,
			"templateId": 50,
			"title": "流动资产",
			"type": 0
		},
		{
			"formulas": [],
			"id": 128,
			"isBolder": false,
			"isClassified": false,
			"isFolding": false,
			"level": 1,
			"lineNum": 2,
			"pos": 1,
			"sources": 0,
			"templateId": 50,
			"title": "货币资金",
			"type": 0
		},
		{
			"formulas": [],
			"id": 129,
			"isBolder": false,
			"isClassified": false,
			"isFolding": false,
			"level": 1,
			"lineNum": 3,
			"pos": 3,
			"sources": 0,
			"templateId": 50,
			"title": "短期投资",
			"type": 0
		},
		{
			"formulas": [],
			"id": 130,
			"isBolder": false,
			"isClassified": false,
			"isFolding": false,
			"level": 1,
			"lineNum": 4,
			"pos": 4,
			"sources": 0,
			"templateId": 50,
			"title": "应收票据",
			"type": 0
		},
		{
			"formulas": [],
			"id": 131,
			"isBolder": false,
			"isClassified": false,
			"isFolding": false,
			"level": 1,
			"lineNum": 5,
			"pos": 5,
			"sources": 0,
			"templateId": 50,
			"title": "应收账款",
			"type": 0
		},
		{
			"formulas": [],
			"id": 132,
			"isBolder": false,
			"isClassified": false,
			"isFolding": false,
			"level": 1,
			"lineNum": 6,
			"pos": 6,
			"sources": 0,
			"templateId": 50,
			"title": "预付账款",
			"type": 0
		},
		{
			"formulas": [],
			"id": 133,
			"isBolder": false,
			"isClassified": false,
			"isFolding": false,
			"level": 1,
			"lineNum": 7,
			"pos": 7,
			"sources": 0,
			"templateId": 50,
			"title": "应收股利",
			"type": 0
		},
		{
			"formulas": [],
			"id": 134,
			"isBolder": false,
			"isClassified": false,
			"isFolding": false,
			"level": 1,
			"lineNum": 8,
			"pos": 8,
			"sources": 0,
			"templateId": 50,
			"title": "应收利息",
			"type": 0
		},
		{
			"formulas": [],
			"id": 135,
			"isBolder": false,
			"isClassified": false,
			"isFolding": false,
			"level": 1,
			"lineNum": 9,
			"pos": 9,
			"sources": 0,
			"templateId": 50,
			"title": "其他应收款",
			"type": 0
		},
		{
			"formulas": [],
			"id": 136,
			"isBolder": false,
			"isClassified": false,
			"isFolding": true,
			"level": 1,
			"lineNum": 10,
			"pos": 10,
			"sources": 0,
			"templateId": 50,
			"title": "存货",
			"type": 0
		},
		{
			"formulas": [],
			"id": 137,
			"isBolder": false,
			"isClassified": false,
			"isFolding": false,
			"level": 2,
			"lineNum": 11,
			"parentId": 136,
			"pos": 11,
			"sources": 0,
			"templateId": 50,
			"title": "其中：原材料",
			"type": 0
		},
		{
			"formulas": [],
			"id": 138,
			"isBolder": false,
			"isClassified": false,
			"isFolding": false,
			"level": 2,
			"lineNum": 12,
			"parentId": 136,
			"pos": 12,
			"sources": 0,
			"templateId": 50,
			"title": "在产品",
			"type": 0
		},
		{
			"formulas": [],
			"id": 139,
			"isBolder": false,
			"isClassified": false,
			"isFolding": false,
			"level": 2,
			"lineNum": 13,
			"parentId": 136,
			"pos": 13,
			"sources": 0,
			"templateId": 50,
			"title": "库存商品",
			"type": 0
		},
		{
			"formulas": [],
			"id": 140,
			"isBolder": false,
			"isClassified": false,
			"isFolding": false,
			"level": 2,
			"lineNum": 14,
			"parentId": 136,
			"pos": 14,
			"sources": 0,
			"templateId": 50,
			"title": "周转材料",
			"type": 0
		},
		{
			"formulas": [],
			"id": 141,
			"isBolder": false,
			"isClassified": false,
			"isFolding": false,
			"level": 1,
			"lineNum": 15,
			"pos": 15,
			"sources": 0,
			"templateId": 50,
			"title": "其他流动资产",
			"type": 0
		},
		{
			"formulas": [],
			"id": 142,
			"isBolder": false,
			"isClassified": false,
			"isFolding": false,
			"level": 1,
			"lineNum": 16,
			"pos": 16,
			"sources": 0,
			"templateId": 50,
			"title": "流动资产合计",
			"type": 0
		},
		{
			"formulas": [],
			"id": 143,
			"isBolder": true,
			"isClassified": false,
			"isFolding": false,
			"level": 1,
			"lineNum": 17,
			"pos": 17,
			"sources": 0,
			"templateId": 50,
			"title": "非流动资产",
			"type": 0
		},
		{
			"formulas": [],
			"id": 145,
			"isBolder": false,
			"isClassified": false,
			"isFolding": false,
			"level": 1,
			"lineNum": 18,
			"pos": 18,
			"sources": 0,
			"templateId": 50,
			"title": "长期债券投资",
			"type": 0
		},
		{
			"formulas": [],
			"id": 146,
			"isBolder": false,
			"isClassified": false,
			"isFolding": false,
			"level": 1,
			"lineNum": 19,
			"pos": 19,
			"sources": 0,
			"templateId": 50,
			"title": "长期股权投资",
			"type": 0
		},
		{
			"formulas": [],
			"id": 147,
			"isBolder": false,
			"isClassified": false,
			"isFolding": false,
			"level": 1,
			"lineNum": 20,
			"pos": 20,
			"sources": 0,
			"templateId": 50,
			"title": "固定资产原价编辑",
			"type": 0
		},
		{
			"formulas": [],
			"id": 148,
			"isBolder": false,
			"isClassified": false,
			"isFolding": false,
			"level": 1,
			"lineNum": 21,
			"pos": 21,
			"sources": 0,
			"templateId": 50,
			"title": "减：累计折旧",
			"type": 0
		},
		{
			"formulas": [],
			"id": 149,
			"isBolder": false,
			"isClassified": false,
			"isFolding": false,
			"level": 1,
			"lineNum": 22,
			"pos": 22,
			"sources": 0,
			"templateId": 50,
			"title": "固定资产账面价值",
			"type": 0
		},
		{
			"formulas": [],
			"id": 150,
			"isBolder": false,
			"isClassified": false,
			"isFolding": false,
			"level": 1,
			"lineNum": 23,
			"pos": 23,
			"sources": 0,
			"templateId": 50,
			"title": "在建工程",
			"type": 0
		},
		{
			"formulas": [],
			"id": 151,
			"isBolder": false,
			"isClassified": false,
			"isFolding": false,
			"level": 1,
			"lineNum": 24,
			"pos": 24,
			"sources": 0,
			"templateId": 50,
			"title": "工程物资",
			"type": 0
		},
		{
			"formulas": [],
			"id": 152,
			"isBolder": false,
			"isClassified": false,
			"isFolding": false,
			"level": 1,
			"lineNum": 25,
			"pos": 25,
			"sources": 0,
			"templateId": 50,
			"title": "固定资产清理",
			"type": 0
		},
		{
			"formulas": [],
			"id": 153,
			"isBolder": false,
			"isClassified": false,
			"isFolding": false,
			"level": 1,
			"lineNum": 26,
			"pos": 26,
			"sources": 0,
			"templateId": 50,
			"title": "生产性生物资产",
			"type": 0
		},
		{
			"formulas": [],
			"id": 154,
			"isBolder": false,
			"isClassified": false,
			"isFolding": false,
			"level": 1,
			"lineNum": 27,
			"pos": 27,
			"sources": 0,
			"templateId": 50,
			"title": "无形资产",
			"type": 0
		},
		{
			"formulas": [],
			"id": 155,
			"isBolder": false,
			"isClassified": false,
			"isFolding": false,
			"level": 1,
			"lineNum": 28,
			"pos": 28,
			"sources": 0,
			"templateId": 50,
			"title": "开发支出",
			"type": 0
		},
		{
			"formulas": [],
			"id": 156,
			"isBolder": false,
			"isClassified": false,
			"isFolding": false,
			"level": 1,
			"lineNum": 29,
			"pos": 29,
			"sources": 0,
			"templateId": 50,
			"title": "长期待摊费用",
			"type": 0
		},
		{
			"formulas": [],
			"id": 157,
			"isBolder": false,
			"isClassified": false,
			"isFolding": false,
			"level": 1,
			"lineNum": 30,
			"pos": 30,
			"sources": 0,
			"templateId": 50,
			"title": "其他非流动资产",
			"type": 0
		},
		{
			"formulas": [],
			"id": 158,
			"isBolder": false,
			"isClassified": false,
			"isFolding": false,
			"level": 1,
			"lineNum": 31,
			"pos": 31,
			"sources": 0,
			"templateId": 50,
			"title": "非流动资产合计",
			"type": 0
		},
		{
			"formulas": [],
			"id": 159,
			"isBolder": true,
			"isClassified": false,
			"isFolding": false,
			"level": 1,
			"lineNum": 32,
			"pos": 32,
			"sources": 0,
			"templateId": 50,
			"title": "资产合计",
			"type": 0
		},
		{
			"formulas": [],
			"id": 160,
			"isBolder": true,
			"isClassified": false,
			"isFolding": false,
			"level": 1,
			"lineNum": 33,
			"pos": 33,
			"sources": 0,
			"templateId": 50,
			"title": "流动负债",
			"type": 1
		},
		{
			"formulas": [],
			"id": 161,
			"isBolder": false,
			"isClassified": false,
			"isFolding": false,
			"level": 1,
			"lineNum": 34,
			"pos": 34,
			"sources": 0,
			"templateId": 50,
			"title": "短期借款",
			"type": 1
		},
		{
			"formulas": [],
			"id": 162,
			"isBolder": false,
			"isClassified": false,
			"isFolding": false,
			"level": 1,
			"lineNum": 35,
			"pos": 35,
			"sources": 0,
			"templateId": 50,
			"title": "应付票据",
			"type": 1
		},
		{
			"formulas": [],
			"id": 163,
			"isBolder": false,
			"isClassified": false,
			"isFolding": false,
			"level": 1,
			"lineNum": 36,
			"pos": 36,
			"sources": 0,
			"templateId": 50,
			"title": "应付账款",
			"type": 1
		},
		{
			"formulas": [],
			"id": 164,
			"isBolder": false,
			"isClassified": false,
			"isFolding": false,
			"level": 1,
			"lineNum": 37,
			"pos": 37,
			"sources": 0,
			"templateId": 50,
			"title": "预收账款",
			"type": 1
		},
		{
			"formulas": [],
			"id": 165,
			"isBolder": false,
			"isClassified": false,
			"isFolding": false,
			"level": 1,
			"lineNum": 38,
			"pos": 38,
			"sources": 0,
			"templateId": 50,
			"title": "应付职工薪酬",
			"type": 1
		},
		{
			"formulas": [],
			"id": 166,
			"isBolder": false,
			"isClassified": false,
			"isFolding": false,
			"level": 1,
			"lineNum": 39,
			"pos": 39,
			"sources": 0,
			"templateId": 50,
			"title": "应交税费",
			"type": 1
		},
		{
			"formulas": [],
			"id": 167,
			"isBolder": false,
			"isClassified": false,
			"isFolding": false,
			"level": 1,
			"lineNum": 40,
			"pos": 40,
			"sources": 0,
			"templateId": 50,
			"title": "应付利息",
			"type": 1
		},
		{
			"formulas": [],
			"id": 168,
			"isBolder": false,
			"isClassified": false,
			"isFolding": false,
			"level": 1,
			"lineNum": 41,
			"pos": 41,
			"sources": 0,
			"templateId": 50,
			"title": "应付利润",
			"type": 1
		},
		{
			"formulas": [],
			"id": 169,
			"isBolder": false,
			"isClassified": false,
			"isFolding": false,
			"level": 1,
			"lineNum": 42,
			"pos": 42,
			"sources": 0,
			"templateId": 50,
			"title": "其他应付款",
			"type": 1
		},
		{
			"formulas": [],
			"id": 170,
			"isBolder": false,
			"isClassified": false,
			"isFolding": false,
			"level": 1,
			"lineNum": 43,
			"pos": 43,
			"sources": 0,
			"templateId": 50,
			"title": "其他流动负债",
			"type": 1
		},
		{
			"formulas": [],
			"id": 171,
			"isBolder": false,
			"isClassified": false,
			"isFolding": false,
			"level": 1,
			"lineNum": 44,
			"pos": 44,
			"sources": 0,
			"templateId": 50,
			"title": "流动负债合计",
			"type": 1
		},
		{
			"formulas": [],
			"id": 172,
			"isBolder": true,
			"isClassified": false,
			"isFolding": false,
			"level": 1,
			"lineNum": 45,
			"pos": 45,
			"sources": 0,
			"templateId": 50,
			"title": "非流动负债",
			"type": 1
		},
		{
			"formulas": [],
			"id": 173,
			"isBolder": false,
			"isClassified": false,
			"isFolding": false,
			"level": 1,
			"lineNum": 46,
			"pos": 46,
			"sources": 0,
			"templateId": 50,
			"title": "长期借款",
			"type": 1
		},
		{
			"formulas": [],
			"id": 174,
			"isBolder": false,
			"isClassified": false,
			"isFolding": false,
			"level": 1,
			"lineNum": 47,
			"pos": 47,
			"sources": 0,
			"templateId": 50,
			"title": "长期应付款",
			"type": 1
		},
		{
			"formulas": [],
			"id": 175,
			"isBolder": false,
			"isClassified": false,
			"isFolding": false,
			"level": 1,
			"lineNum": 48,
			"pos": 48,
			"sources": 0,
			"templateId": 50,
			"title": "递延收益",
			"type": 1
		},
		{
			"formulas": [],
			"id": 176,
			"isBolder": false,
			"isClassified": false,
			"isFolding": false,
			"level": 1,
			"lineNum": 49,
			"pos": 49,
			"sources": 0,
			"templateId": 50,
			"title": "其他非流动负债",
			"type": 1
		},
		{
			"formulas": [],
			"id": 177,
			"isBolder": false,
			"isClassified": false,
			"isFolding": false,
			"level": 1,
			"lineNum": 50,
			"pos": 50,
			"sources": 0,
			"templateId": 50,
			"title": "非流动负债合计",
			"type": 1
		},
		{
			"formulas": [],
			"id": 178,
			"isBolder": true,
			"isClassified": false,
			"isFolding": false,
			"level": 1,
			"lineNum": 51,
			"pos": 51,
			"sources": 0,
			"templateId": 50,
			"title": "负债合计",
			"type": 1
		},
		{
			"formulas": [],
			"id": 179,
			"isBolder": true,
			"isClassified": false,
			"isFolding": false,
			"level": 1,
			"lineNum": 52,
			"pos": 52,
			"sources": 0,
			"templateId": 50,
			"title": "所有者权益（或股东权益）",
			"type": 2
		},
		{
			"formulas": [],
			"id": 180,
			"isBolder": false,
			"isClassified": false,
			"isFolding": false,
			"level": 1,
			"lineNum": 53,
			"pos": 53,
			"sources": 0,
			"templateId": 50,
			"title": "实收资本（或股本）",
			"type": 2
		},
		{
			"formulas": [],
			"id": 181,
			"isBolder": false,
			"isClassified": false,
			"isFolding": false,
			"level": 1,
			"lineNum": 54,
			"pos": 54,
			"sources": 0,
			"templateId": 50,
			"title": "资本公积",
			"type": 2
		},
		{
			"formulas": [],
			"id": 182,
			"isBolder": false,
			"isClassified": false,
			"isFolding": false,
			"level": 1,
			"lineNum": 55,
			"pos": 55,
			"sources": 0,
			"templateId": 50,
			"title": "盈余公积",
			"type": 2
		},
		{
			"formulas": [],
			"id": 183,
			"isBolder": false,
			"isClassified": false,
			"isFolding": false,
			"level": 1,
			"lineNum": 56,
			"pos": 56,
			"sources": 0,
			"templateId": 50,
			"title": "未分配利润",
			"type": 2
		},
		{
			"formulas": [],
			"id": 184,
			"isBolder": false,
			"isClassified": false,
			"isFolding": false,
			"level": 1,
			"lineNum": 57,
			"pos": 57,
			"sources": 0,
			"templateId": 50,
			"title": "所有者权益（或股东权益）合计",
			"type": 2
		},
		{
			"formulas": [],
			"id": 185,
			"isBolder": true,
			"isClassified": false,
			"isFolding": false,
			"level": 1,
			"lineNum": 58,
			"pos": 58,
			"sources": 0,
			"templateId": 50,
			"title": "负债和所有者权益（或股东权益）",
			"type": 2
		}
	],
	"name": "资产负债表",
	"templateKey": "zcfzb",
	"type": 1
}